Date,Home Team,Home Score,Away Team,Away Score
2017-08-18,Butler,0,Adrian,28
2017-08-18,Houston,14,Ash Grove,36
2017-08-18,Mexico,14,Battle,68
2017-08-18,Harrisonville,41,Benton,6
2017-08-18,Pembroke Hill,30,Bishop LeBlond,27
2017-08-18,Lee's Summit West,49,Blue Springs South,28
2017-08-18,Republic,34,Bolivar,24
2017-08-18,Eldon,30,Boonville,15
2017-08-18,St. Clair,59,Bowling Green,22
2017-08-18,Fair Grove,38,Buffalo,15
2017-08-18,Monett,19,California,6
2017-08-18,Hillcrest,13,Camdenton,35
2017-08-18,Lafayette County,48,Cameron,0
2017-08-18,Soldan International Studies,6,Cardinal Ritter,47
2017-08-18,Ozark,26,Carthage,20
2017-08-18,Portageville,34,Caruthersville,69
2017-08-18,Lamar,28,Cassville,0
2017-08-18,East (Kansas City),6,Center,46
2017-08-18,Liberty (Mountain View),27,Central (Cape Girardeau),41
2017-08-18,Hogan Prep Academy Charter,28,Central (Kansas City),22
2017-08-18,Malden,50,Central (New Madrid County),12
2017-08-18,Liberty,48,Central (St. Joseph),3
2017-08-18,Kirkwood,20,Chaminade College Prep,14
2017-08-18,Miller Career Academy,28,Christian Brothers College,69
2017-08-18,Monroe City,44,Clark County,36
2017-08-18,Louisiana,38,Clopton with Elsberry,44
2017-08-18,Cole Camp,47,Concordia,13
2017-08-18,Archie,6,Crest Ridge,7
2017-08-18,Chaffee,48,Crystal City,0
2017-08-18,Hazelwood Central,28,De Smet Jesuit,13
2017-08-18,Perryville,14,DeSoto with Kingston,7
2017-08-18,Ste. Genevieve,8,Dexter,16
2017-08-18,Appleton City with Montrose,13,Drexel with Miami (Amoret),20
2017-08-18,St. Charles,29,Duchesne,42
2017-08-18,Stockton,18,El Dorado Springs,50
2017-08-18,Fox,14,Farmington,28
2017-08-18,South Callaway,25,Father Tolton with Calvary Lutheran,19
2017-08-18,Carrollton,22,Fayette,30
2017-08-18,Vashon,6,Festus,48
2017-08-18,Mehlville,19,Francis Howell,49
2017-08-18,Kennett,50,Fredericktown,14
2017-08-18,Francis Howell Central,70,Ft. Zumwalt East,52
2017-08-18,Ladue Horton Watkins,21,Ft. Zumwalt North,42
2017-08-18,Troy Buchanan,35,Ft. Zumwalt South,22
2017-08-18,Eureka,45,Ft. Zumwalt West,26
2017-08-18,Osage,32,Fulton,26
2017-08-18,North Platte,13,Gallatin,42
2017-08-18,SLUH,42,Gateway,0
2017-08-18,Joplin,25,Glendale,54
2017-08-18,Platte County,45,Grandview,6
2017-08-18,Putnam County,14,Hallsville,33
2017-08-18,Paris,38,Harrisburg,7
2017-08-18,Thayer,14,Hayti,56
2017-08-18,Webster Groves,34,Hazelwood West,27
2017-08-18,Hannibal,41,Helias Catholic,28
2017-08-18,Montgomery County,14,Hermann,28
2017-08-18,Jackson,39,Hickman,24
2017-08-18,Centralia,44,Highland,6
2017-08-18,Affton,20,Hillsboro,34
2017-08-18,Sarcoxie,45,Jasper,7
2017-08-18,Cabool,8,Jefferson (Festus),56
2017-08-18,McCluer,12,Jennings,18
2017-08-18,Fort Osage,20,Kearney,15
2017-08-18,East Prairie,54,Kelly,12
2017-08-18,Parkview,19,Kickapoo,45
2017-08-18,Blair Oaks,34,Kirksville,19
2017-08-18,Schuyler County,8,Knox County,16
2017-08-18,North Kansas City,14,Lafayette (St. Joseph),48
2017-08-18,Timberland,21,Lafayette (Wildwood),29
2017-08-18,Rolla,28,Lebanon,34
2017-08-18,Blue Springs,43,Lee's Summit,7
2017-08-18,Lockwood with Golden City,21,Liberal with Bronaugh,12
2017-08-18,Staley,50,Liberty North,27
2017-08-18,Rich Hill with Hume,2,Lincoln,46
2017-08-18,Central (Springfield),0,Logan-Rogersville,21
2017-08-18,Wellington-Napoleon,58,Lone Jack,19
2017-08-18,Principia,6,Lutheran St. Charles,65
2017-08-18,Palmyra,7,Macon,20
2017-08-18,Sherwood,6,Marionville,55
2017-08-18,Rockwood Summit,25,Marquette,21
2017-08-18,Chillicothe,30,Marshall,0
2017-08-18,Ava,26,Marshfield,12
2017-08-18,Lawson,0,Maryville,43
2017-08-18,Penney,41,Maysville with Winston,22
2017-08-18,Jefferson City,47,McCluer North,0
2017-08-18,Princeton with Mercer,50,Mid-Buchanan,7
2017-08-18,Mark Twain,28,Milan,14
2017-08-18,Aurora,19,Mountain Grove,46
2017-08-18,Reeds Spring,20,Mt. Vernon,35
2017-08-18,Southern Boone,15,North Callaway,12
2017-08-18,Seckman,7,North County,51
2017-08-18,Francis Howell North,39,Northwest (Cedar Hill),43
2017-08-18,Richmond,14,Oak Grove,31
2017-08-18,William Chrisman,22,Oak Park,9
2017-08-18,Lindbergh,41,Oakville,7
2017-08-18,St. Pius X (Kansas City),17,Odessa,22
2017-08-18,Veritas Christian Academy,27,Orchard Farm,19
2017-08-18,Potosi,38,Owensville,34
2017-08-18,Lee's Summit North,21,Park Hill,41
2017-08-18,Parkway North,7,Parkway Central,20
2017-08-18,Parkway South,12,Parkway West,22
2017-08-18,Diamond,0,Pierce City,52
2017-08-18,Holden,18,Plattsburg,39
2017-08-18,Hollister,54,Pleasant Hope,0
2017-08-18,Riverview Gardens,14,Poplar Bluff,34
2017-08-18,Belton,22,Raymore-Peculiar,37
2017-08-18,Ruskin,6,Raytown South,48
2017-08-18,Holt,49,Ritenour,86
2017-08-18,McDonald County,19,Salem,6
2017-08-18,Westran,28,Salisbury,0
2017-08-18,Grain Valley,35,Savannah,16
2017-08-18,Marceline,45,Scotland County,3
2017-08-18,Nevada,20,Seneca,28
2017-08-18,Charleston,26,Sikeston,32
2017-08-18,Lexington,54,Skyline,7
2017-08-18,Santa Fe,32,Slater,0
2017-08-18,Moberly,6,Smith-Cotton,7
2017-08-18,Pleasant Hill,15,Smithville,33
2017-08-18,East Buchanan,56,South Harrison,30
2017-08-18,Brookfield,14,South Shelby,26
2017-08-18,Strafford,0,Springfield Catholic,42
2017-08-18,MICDS,28,St. Charles West,14
2017-08-18,John Burroughs,0,St. Dominic,23
2017-08-18,Pacific,12,St. Francis Borgia,42
2017-08-18,Cuba,0,St. James,60
2017-08-18,Westminster Christian Academy,22,St. Mary's South Side,31
2017-08-18,Valle Catholic,63,St. Vincent,7
2017-08-18,Central (Park Hills),52,Sullivan,21
2017-08-18,Scott City,41,Sumner,8
2017-08-18,Windsor,36,Sweet Springs with Malta Bend,0
2017-08-18,St. Paul Lutheran (Concordia),20,Tipton,34
2017-08-18,Lathrop,23,Trenton,0
2017-08-18,Raytown,45,Truman,0
2017-08-18,Missouri Military Academy,7,Van-Far with Community,44
2017-08-18,Knob Noster,30,Versailles,51
2017-08-18,Pattonville,28,Vianney,42
2017-08-18,Excelsior Springs,23,Warrensburg,0
2017-08-18,Liberty (Wentzville),21,Warrenton,49
2017-08-18,Clinton,12,Warsaw,14
2017-08-18,Union,43,Washington,14
2017-08-18,Carl Junction,12,Webb City,27
2017-08-18,Waynesville,26,West Plains,48
2017-08-18,Lincoln College Prep,26,West Platte,36
2017-08-18,Nixa,41,Willard,27
2017-08-18,St. Pius X (Festus),28,Windsor (Imperial),0
2017-08-18,Park Hill South,44,Winnetonka,6
2017-08-18,Winfield,20,Wright City,35
2017-08-19,Brentwood,42,Cleveland NJROTC,12
2017-08-19,Herculaneum,12,Confluence Prep Academy Charter,18
2017-08-19,University City,0,Hazelwood East,46
2017-08-19,Carnahan,50,Normandy Collaborative,14
2017-08-19,Clayton,7,Priory,9
2017-08-19,Rockhurst,14,Rock Bridge,17
2017-08-19,Lutheran South,54,Roosevelt,0
2017-08-19,Van Horn,46,Southeast,20
2017-08-25,Drexel with Miami (Amoret),8,Adrian,27
2017-08-25,Seckman,27,Affton,22
2017-08-25,Midway,0,Archie,37
2017-08-25,Holt,26,Battle,54
2017-08-25,Oak Grove,7,Blair Oaks,46
2017-08-25,Jennings,0,Brentwood,19
2017-08-25,Highland,6,Brookfield,36
2017-08-25,Pleasant Hope,0,Buffalo,59
2017-08-25,Sherwood,7,Butler,52
2017-08-25,West Plains,25,Camdenton,24
2017-08-25,Miller Career Academy,36,Carnahan,8
2017-08-25,Westran,31,Carrollton,22
2017-08-25,MICDS,20,Central (Park Hills),22
2017-08-25,Lafayette (St. Joseph),44,Central (St. Joseph),42
2017-08-25,Clark County,14,Centralia,42
2017-08-25,Hayti,62,Charleston,15
2017-08-25,Kirksville,8,Chillicothe,49
2017-08-25,Fox,49,Clayton,7
2017-08-25,Odessa,23,Clinton,0
2017-08-25,Missouri Military Academy,0,Clopton with Elsberry,36
2017-08-25,Warsaw,28,Cole Camp,22
2017-08-25,Kelly,27,Crystal City,6
2017-08-25,Hermann,42,Cuba,28
2017-08-25,Rock Bridge,45,De Smet Jesuit,24
2017-08-25,Jasper,47,Diamond,40
2017-08-25,Bishop LeBlond,27,East Buchanan,20
2017-08-25,Lamar,63,East Newton,0
2017-08-25,Jefferson (Festus),45,East Prairie,46
2017-08-25,Owensville,69,Eldon,72
2017-08-25,Francis Howell,13,Eureka,26
2017-08-25,Cameron,0,Excelsior Springs,41
2017-08-25,North County,10,Farmington,13
2017-08-25,Ft. Zumwalt South,13,Francis Howell Central,58
2017-08-25,Ft. Zumwalt East,53,Francis Howell North,44
2017-08-25,Ft. Zumwalt West,35,Ft. Zumwalt North,45
2017-08-25,Normandy Collaborative,20,Gateway,38
2017-08-25,Hillcrest,58,Glendale,24
2017-08-25,Benton,36,Grain Valley,39
2017-08-25,Park Hill South,22,Grandview,34
2017-08-25,Savannah,8,Harrisonville,12
2017-08-25,Fredericktown,56,Herculaneum,28
2017-08-25,Oakville,53,Hillsboro,52
2017-08-25,Boonville,23,Holden,19
2017-08-25,Cabool,6,Hollister,29
2017-08-25,St. James,42,Houston,0
2017-08-25,Parkview,36,Joplin,44
2017-08-25,Sikeston,37,Kennett,30
2017-08-25,Jefferson City,7,Kirkwood,35
2017-08-25,Lone Jack,13,Knob Noster,72
2017-08-25,Hazelwood East,12,Lafayette (Wildwood),30
2017-08-25,South Harrison,0,Lathrop,49
2017-08-25,Lafayette County,34,Lawson,10
2017-08-25,Raymore-Peculiar,27,Lee's Summit North,65
2017-08-25,Blue Springs,19,Lee's Summit West,6
2017-08-25,Trenton,14,Lexington,54
2017-08-25,Belton,17,Liberty,43
2017-08-25,Aurora,28,Liberty (Mountain View),21
2017-08-25,Appleton City with Montrose,0,Lincoln,42
2017-08-25,Plattsburg,48,Lincoln College Prep,18
2017-08-25,Jackson,19,Lindbergh,45
2017-08-25,Soldan International Studies,20,Lutheran South,19
2017-08-25,Father Tolton with Calvary Lutheran,2,Lutheran St. Charles,22
2017-08-25,Caruthersville,33,Malden,7
2017-08-25,Knox County,0,Marceline,61
2017-08-25,Willow Springs,6,Marionville,33
2017-08-25,Hallsville,41,Mark Twain,6
2017-08-25,Smith-Cotton,62,Marshall,28
2017-08-25,Mid-Buchanan,14,Maysville with Winston,22
2017-08-25,Ritenour,44,McCluer,6
2017-08-25,McCluer South-Berkeley,44,McCluer North,0
2017-08-25,Marshfield,7,McDonald County,14
2017-08-25,California,14,Mexico,28
2017-08-25,Pleasant Hill,17,Moberly,14
2017-08-25,Logan-Rogersville,6,Monett,28
2017-08-25,Macon,28,Monroe City,42
2017-08-25,Winfield,28,Montgomery County,16
2017-08-25,Center,28,Nevada,36
2017-08-25,Branson,19,Nixa,21
2017-08-25,Tipton,0,North Callaway,47
2017-08-25,Seneca,27,Osage,7
2017-08-25,Washington,14,Pacific,47
2017-08-25,Bowling Green,6,Palmyra,42
2017-08-25,Salisbury,0,Paris,13
2017-08-25,Lee's Summit,35,Park Hill,66
2017-08-25,Marquette,45,Parkway North,56
2017-08-25,Parkway Central,36,Parkway South,20
2017-08-25,Mehlville,14,Pattonville,34
2017-08-25,El Dorado Springs,18,Pembroke Hill,20
2017-08-25,Gallatin,6,Penney,50
2017-08-25,St. Pius X (Festus),0,Perryville,7
2017-08-25,Liberal with Bronaugh,16,Pierce City,31
2017-08-25,Oak Park,7,Platte County,42
2017-08-25,Slater,36,Polo,53
2017-08-25,Dexter,12,Poplar Bluff,35
2017-08-25,Chaffee,38,Portageville,32
2017-08-25,St. Clair,35,Potosi,7
2017-08-25,North Platte,0,Princeton with Mercer,38
2017-08-25,Liberty North,27,Raytown,28
2017-08-25,Kearney,20,Raytown South,0
2017-08-25,Cassville,39,Reeds Spring,28
2017-08-25,Carl Junction,39,Republic,0
2017-08-25,Lockwood with Golden City,47,Rich Hill with Hume,7
2017-08-25,Northeast (Kansas City),26,Richmond,64
2017-08-25,Blue Springs South,7,Rockhurst,27
2017-08-25,Parkway West,16,Rockwood Summit,14
2017-08-25,Kickapoo,29,Rolla,36
2017-08-25,William Chrisman,28,Ruskin,7
2017-08-25,Crest Ridge,28,Santa Fe,6
2017-08-25,Harrisburg,20,Schuyler County,24
2017-08-25,Fayette,18,Scotland County,15
2017-08-25,St. Vincent,3,Scott City,21
2017-08-25,Fair Grove,28,Skyline,26
2017-08-25,Ladue Horton Watkins,24,SLUH,14
2017-08-25,Milan,7,South Callaway,55
2017-08-25,Louisiana,0,South Shelby,64
2017-08-25,Wright City,28,Southern Boone,31
2017-08-25,Mt. Vernon,16,Springfield Catholic,14
2017-08-25,Windsor (Imperial),35,St. Charles,42
2017-08-25,Central (Cape Girardeau),28,St. Charles West,19
2017-08-25,Westminster Christian Academy,21,St. Dominic,0
2017-08-25,Sweet Springs with Malta Bend,34,St. Paul Lutheran (Concordia),6
2017-08-25,Maryville,40,St. Pius X (Kansas City),20
2017-08-25,North Kansas City,6,Staley,44
2017-08-25,Valle Catholic,35,Ste. Genevieve,6
2017-08-25,Ash Grove,31,Stockton,26
2017-08-25,Mountain Grove,56,Strafford,14
2017-08-25,Festus,20,Sullivan,21
2017-08-25,Central (New Madrid County),24,Thayer,54
2017-08-25,Liberty (Wentzville),7,Timberland,48
2017-08-25,Duchesne,0,Trinity Catholic,45
2017-08-25,Warrenton,35,Troy Buchanan,28
2017-08-25,Fort Osage,56,Truman,7
2017-08-25,St. Francis Borgia,52,Union,14
2017-08-25,Warrensburg,47,Van Horn,14
2017-08-25,Cardinal Ritter,41,Veritas Christian Academy,19
2017-08-25,Fulton,47,Versailles,23
2017-08-25,Lebanon,35,Waynesville,28
2017-08-25,Carthage,7,Webb City,28
2017-08-25,Hickman,21,Webster Groves,32
2017-08-25,West Platte,30,Wellington-Napoleon,34
2017-08-25,Bolivar,24,Willard,28
2017-08-25,Smithville,43,Winnetonka,0
2017-08-26,Central (Kansas City),46,East (Kansas City),0
2017-08-26,Orchard Farm,13,Lutheran North,79
2017-08-26,Lift for Life Academy Charter,46,Principia,6
2017-08-26,St. Mary's South Side,37,Priory,7
2017-08-26,Northwest (Cedar Hill),14,Riverview Gardens,30
2017-08-26,Confluence Prep Academy Charter,30,Roosevelt,26
2017-08-26,Helias Catholic,62,Southeast,0
2017-08-26,Salem,38,Sumner,30
2017-08-26,Summit Christian Academy,41,University Academy Charter,46
2017-08-26,Hazelwood West,47,University City,0
2017-09-01,Rich Hill with Hume,7,Appleton City with Montrose,32
2017-09-01,Lamar,30,Aurora,6
2017-09-01,Winnetonka,15,Belton,61
2017-09-01,Lafayette (St. Joseph),36,Benton,26
2017-09-01,Cameron,0,Bishop LeBlond,42
2017-09-01,Reeds Spring,36,Bolivar,16
2017-09-01,Hannibal,26,Boonville,7
2017-09-01,Clopton with Elsberry,20,Bowling Green,60
2017-09-01,Carthage,42,Branson,7
2017-09-01,Missouri Military Academy,0,Brentwood,45
2017-09-01,Marceline,28,Brookfield,0
2017-09-01,Warsaw,8,California,12
2017-09-01,Trinity Catholic,57,Cardinal Ritter,0
2017-09-01,Ozark,14,Carl Junction,35
2017-09-01,Cole Camp,20,Carrollton,13
2017-09-01,Farmington,35,Central (Cape Girardeau),40
2017-09-01,Nixa,38,Central (Springfield),0
2017-09-01,Maryville,0,Chillicothe,24
2017-09-01,Macon,20,Clark County,22
2017-09-01,Jennings,6,Clayton,21
2017-09-01,Owensville,61,Cuba,20
2017-09-01,Windsor (Imperial),0,DeSoto with Kingston,35
2017-09-01,Central (New Madrid County),0,Dexter,38
2017-09-01,Buffalo,52,Diamond,0
2017-09-01,Archie,24,Drexel with Miami (Amoret),22
2017-09-01,Cassville,45,East Newton,7
2017-09-01,Ash Grove,22,El Dorado Springs,20
2017-09-01,Southern Boone,7,Eldon,29
2017-09-01,Pattonville,7,Eureka,31
2017-09-01,Schuyler County,6,Fayette,56
2017-09-01,Lee's Summit,14,Fort Osage,35
2017-09-01,Rockwood Summit,37,Fox,36
2017-09-01,Ft. Zumwalt South,27,Francis Howell North,28
2017-09-01,Francis Howell,51,Ft. Zumwalt East,7
2017-09-01,De Smet Jesuit,18,Ft. Zumwalt West,41
2017-09-01,Father Tolton with Calvary Lutheran,21,Fulton,14
2017-09-01,Salisbury,12,Harrisburg,34
2017-09-01,Chaffee,9,Hayti,49
2017-09-01,Marquette,20,Hazelwood West,13
2017-09-01,St. James,40,Hermann,8
2017-09-01,Jefferson City,28,Hickman,9
2017-09-01,Palmyra,34,Highland,14
2017-09-01,Waynesville,34,Hillcrest,42
2017-09-01,Odessa,43,Holden,14
2017-09-01,Timberland,49,Holt,14
2017-09-01,Salem,34,Houston,7
2017-09-01,Sikeston,8,Jackson,55
2017-09-01,Pierce City,47,Jasper,0
2017-09-01,Herculaneum,0,Jefferson (Festus),42
2017-09-01,Grandview,0,Kearney,21
2017-09-01,Joplin,18,Kickapoo,17
2017-09-01,Moberly,21,Kirksville,0
2017-09-01,Butler,0,Knob Noster,41
2017-09-01,Westran,21,Knox County,20
2017-09-01,Webster Groves,28,Ladue Horton Watkins,21
2017-09-01,Kirkwood,41,Lafayette (Wildwood),21
2017-09-01,Summit Christian Academy,14,Lafayette County,49
2017-09-01,Penney,20,Lathrop,21
2017-09-01,Camdenton,28,Lebanon,20
2017-09-01,Blue Springs South,16,Lee's Summit North,29
2017-09-01,St. Dominic,28,Liberty (Wentzville),35
2017-09-01,Liberty,42,Liberty North,7
2017-09-01,Slater,14,Lincoln,51
2017-09-01,Hollister,12,Logan-Rogersville,29
2017-09-01,Crest Ridge,60,Lone Jack,13
2017-09-01,Centralia,55,Louisiana,6
2017-09-01,Portageville,14,Malden,42
2017-09-01,North Callaway,49,Mark Twain,0
2017-09-01,Springfield Catholic,20,Marshfield,7
2017-09-01,Gallatin,30,Maysville with Winston,8
2017-09-01,Hazelwood East,34,Mehlville,13
2017-09-01,Marshall,14,Mexico,55
2017-09-01,North Platte,35,Mid-Buchanan,32
2017-09-01,Adrian,14,Midway,12
2017-09-01,Mt. Vernon,25,Monett,20
2017-09-01,South Shelby,6,Monroe City,38
2017-09-01,Van-Far with Community,13,Montgomery County,6
2017-09-01,Ava,22,Mountain Grove,19
2017-09-01,Festus,14,North County,42
2017-09-01,Raytown South,37,North Kansas City,27
2017-09-01,Central (Kansas City),24,Northeast (Kansas City),6
2017-09-01,Ritenour,20,Northwest (Cedar Hill),0
2017-09-01,Excelsior Springs,23,Oak Park,0
2017-09-01,Hallsville,6,Osage,31
2017-09-01,St. Clair,21,Pacific,53
2017-09-01,Park Hill,42,Park Hill South,0
2017-09-01,Rolla,53,Parkview,33
2017-09-01,Oakville,7,Parkway Central,43
2017-09-01,University City,0,Parkway North,49
2017-09-01,McCluer North,0,Parkway South,17
2017-09-01,Affton,12,Parkway West,37
2017-09-01,Center,28,Pembroke Hill,7
2017-09-01,Fredericktown,7,Perryville,28
2017-09-01,Staley,62,Platte County,27
2017-09-01,Lawson,10,Plattsburg,6
2017-09-01,Richmond,7,Pleasant Hill,21
2017-09-01,Fair Grove,83,Pleasant Hope,0
2017-09-01,South Harrison,24,Polo,26
2017-09-01,St. Charles,7,Poplar Bluff,45
2017-09-01,Central (Park Hills),28,Potosi,20
2017-09-01,Milan,7,Princeton with Mercer,52
2017-09-01,Crystal City,7,Principia,42
2017-09-01,Trenton,46,Putnam County,27
2017-09-01,Lee's Summit West,41,Raymore-Peculiar,7
2017-09-01,Grain Valley,14,Raytown,49
2017-09-01,Webb City,42,Republic,0
2017-09-01,Battle,0,Rock Bridge,9
2017-09-01,Central (St. Joseph),28,Ruskin,8
2017-09-01,Smithville,48,Savannah,18
2017-09-01,Paris,8,Scotland County,35
2017-09-01,East Prairie,43,Scott City,33
2017-09-01,McCluer,30,Seckman,14
2017-09-01,McDonald County,13,Seneca,41
2017-09-01,Van Horn,61,Sherwood,0
2017-09-01,Chaminade College Prep,35,SLUH,14
2017-09-01,Wright City,6,South Callaway,48
2017-09-01,Francis Howell Central,40,St. Charles West,15
2017-09-01,Duchesne,3,St. Francis Borgia,42
2017-09-01,Lexington,46,St. Pius X (Festus),12
2017-09-01,Nevada,14,St. Pius X (Kansas City),30
2017-09-01,Kelly,38,St. Vincent,6
2017-09-01,Hillsboro,52,Ste. Genevieve,21
2017-09-01,Skyline,31,Stockton,21
2017-09-01,Marionville,2,Strafford,30
2017-09-01,Union,47,Sullivan,19
2017-09-01,Concordia,21,Sweet Springs with Malta Bend,32
2017-09-01,Liberty (Mountain View),35,Thayer,38
2017-09-01,Ft. Zumwalt North,42,Troy Buchanan,7
2017-09-01,Caruthersville,34,Valle Catholic,39
2017-09-01,Gateway,34,Vashon,12
2017-09-01,St. Mary's South Side,49,Veritas Christian Academy,14
2017-09-01,Blair Oaks,34,Versailles,14
2017-09-01,Smith-Cotton,34,Warrensburg,12
2017-09-01,Washington,7,Warrenton,45
2017-09-01,Santa Fe,26,Wellington-Napoleon,46
2017-09-01,Glendale,18,West Plains,42
2017-09-01,East Buchanan,36,West Platte,6
2017-09-01,Truman,0,William Chrisman,20
2017-09-01,Cabool,27,Willow Springs,40
2017-09-01,Tipton,2,Windsor,18
2017-09-01,Confluence Prep Academy Charter,8,Winfield,20
2017-09-02,Soldan International Studies,66,Cleveland NJROTC,20
2017-09-02,Lindbergh,43,Hazelwood Central,26
2017-09-02,East (Kansas City),0,Hogan Prep Academy Charter,52
2017-09-02,Priory,13,John Burroughs,20
2017-09-02,Carnahan,16,Kennett,52
2017-09-02,Orchard Farm,16,McCluer South-Berkeley,52
2017-09-02,Lutheran South,13,MICDS,18
2017-09-02,Riverview Gardens,46,Normandy Collaborative,12
2017-09-02,Lift for Life Academy Charter,0,Oak Grove,29
2017-09-02,Roosevelt,14,Sumner,22
2017-09-02,Lincoln College Prep,8,University Academy Charter,20
2017-09-02,Lutheran North,59,Westminster Christian Academy,17
2017-09-07,MICDS,7,Lutheran North,56
2017-09-07,Hogan Prep Academy Charter,32,Southeast,6
2017-09-08,Lockwood with Golden City,34,Archie,0
2017-09-08,Raytown South,28,Belton,35
2017-09-08,Eldon,12,Blair Oaks,32
2017-09-08,Staley,41,Blue Springs South,37
2017-09-08,Hollister,0,Bolivar,49
2017-09-08,Father Tolton with Calvary Lutheran,17,Boonville,27
2017-09-08,Orchard Farm,41,Brentwood,14
2017-09-08,Marshfield,21,Buffalo,20
2017-09-08,Van Horn,32,Butler,22
2017-09-08,Houston,31,Cabool,15
2017-09-08,Versailles,13,California,6
2017-09-08,Kickapoo,7,Camdenton,35
2017-09-08,Chillicothe,60,Cameron,0
2017-09-08,Oak Grove,14,Carnahan,28
2017-09-08,Central (Springfield),0,Carthage,64
2017-09-08,Kennett,42,Caruthersville,22
2017-09-08,McDonald County,21,Cassville,14
2017-09-08,Confluence Prep Academy Charter,0,Central (Park Hills),42
2017-09-08,Park Hill South,23,Central (St. Joseph),22
2017-09-08,Brookfield,7,Centralia,48
2017-09-08,Christian Brothers College,41,Chaminade College Prep,14
2017-09-08,Scott City,14,Charleston,26
2017-09-08,Montgomery County,49,Clopton with Elsberry,34
2017-09-08,Cuba,32,Cole Camp,26
2017-09-08,St. Paul Lutheran (Concordia),33,Concordia,22
2017-09-08,SLUH,28,De Smet Jesuit,24
2017-09-08,North County,40,DeSoto with Kingston,20
2017-09-08,St. Mary's South Side,55,Duchesne,23
2017-09-08,Plattsburg,21,East Buchanan,32
2017-09-08,Aurora,52,East Newton,25
2017-09-08,Hayti,53,East Prairie,21
2017-09-08,Richmond,20,Excelsior Springs,28
2017-09-08,Springfield Catholic,41,Fair Grove,6
2017-09-08,Poplar Bluff,50,Farmington,21
2017-09-08,Ruskin,25,Fort Osage,45
2017-09-08,Troy Buchanan,7,Francis Howell,45
2017-09-08,Timberland,55,Francis Howell Central,16
2017-09-08,Ft. Zumwalt West,48,Francis Howell North,0
2017-09-08,Ste. Genevieve,44,Fredericktown,3
2017-09-08,Ft. Zumwalt North,54,Ft. Zumwalt East,14
2017-09-08,Polo,6,Gallatin,42
2017-09-08,Lebanon,42,Glendale,51
2017-09-08,Center,49,Grain Valley,28
2017-09-08,Mexico,28,Hannibal,14
2017-09-08,Platte County,20,Harrisonville,12
2017-09-08,Hickman,7,Helias Catholic,49
2017-09-08,St. Vincent,32,Herculaneum,6
2017-09-08,West Plains,42,Hillcrest,6
2017-09-08,Festus,14,Hillsboro,30
2017-09-08,Rolla,21,Joplin,26
2017-09-08,Malden,50,Kelly,0
2017-09-08,Parkway Central,23,Ladue Horton Watkins,36
2017-09-08,Savannah,0,Lafayette (St. Joseph),53
2017-09-08,El Dorado Springs,6,Lafayette County,42
2017-09-08,Monett,0,Lamar,51
2017-09-08,Rock Bridge,21,Lee's Summit,27
2017-09-08,Lee's Summit North,24,Lee's Summit West,45
2017-09-08,Wellington-Napoleon,8,Lexington,46
2017-09-08,Sarcoxie,48,Liberal with Bronaugh,8
2017-09-08,Raytown,35,Liberty,55
2017-09-08,Ava,35,Liberty (Mountain View),14
2017-09-08,Ft. Zumwalt South,20,Liberty (Wentzville),33
2017-09-08,Pembroke Hill,28,Lincoln College Prep,7
2017-09-08,Lafayette (Wildwood),35,Lindbergh,42
2017-09-08,Monroe City,60,Louisiana,0
2017-09-08,Priory,14,Lutheran South,52
2017-09-08,Cardinal Ritter,60,Lutheran St. Charles,28
2017-09-08,Highland,6,Macon,50
2017-09-08,Fayette,12,Marceline,48
2017-09-08,Ash Grove,18,Marionville,27
2017-09-08,Eureka,42,Marquette,0
2017-09-08,Kirksville,38,Marshall,0
2017-09-08,Bishop LeBlond,6,Maryville,54
2017-09-08,McCluer,14,McCluer North,9
2017-09-08,Fox,35,Mehlville,14
2017-09-08,Appleton City with Montrose,8,Midway,34
2017-09-08,Putnam County,24,Milan,21
2017-09-08,Vashon,6,Miller Career Academy,38
2017-09-08,Slater,42,Missouri Military Academy,36
2017-09-08,Fulton,0,Moberly,35
2017-09-08,Seneca,19,Mt. Vernon,7
2017-09-08,Republic,26,Nixa,31
2017-09-08,South Callaway,29,North Callaway,33
2017-09-08,Lawson,37,North Platte,26
2017-09-08,North Kansas City,39,Oak Park,49
2017-09-08,Northwest (Cedar Hill),7,Oakville,17
2017-09-08,Warrensburg,0,Odessa,13
2017-09-08,Branson,17,Ozark,14
2017-09-08,South Shelby,6,Palmyra,37
2017-09-08,Knox County,26,Paris,14
2017-09-08,Blue Springs,25,Park Hill,28
2017-09-08,Kirkwood,35,Pattonville,41
2017-09-08,Mid-Buchanan,21,Penney,54
2017-09-08,Potosi,25,Perryville,7
2017-09-08,Skyline,58,Pleasant Hope,0
2017-09-08,Logan-Rogersville,14,Reeds Spring,53
2017-09-08,Adrian,47,Rich Hill with Hume,6
2017-09-08,Webster Groves,26,Ritenour,29
2017-09-08,Raymore-Peculiar,14,Rockhurst,41
2017-09-08,Parkway North,35,Rockwood Summit,3
2017-09-08,Thayer,8,Salem,0
2017-09-08,Carrollton,41,Salisbury,6
2017-09-08,Lone Jack,19,Santa Fe,55
2017-09-08,Scotland County,31,Schuyler County,8
2017-09-08,Parkway South,47,Seckman,0
2017-09-08,Central (Cape Girardeau),19,Sikeston,28
2017-09-08,Pleasant Hill,14,Smith-Cotton,35
2017-09-08,Benton,0,Smithville,42
2017-09-08,Maysville with Winston,6,South Harrison,44
2017-09-08,Hallsville,28,Southern Boone,24
2017-09-08,Sullivan,14,St. Clair,49
2017-09-08,St. Dominic,10,St. Francis Borgia,49
2017-09-08,Owensville,32,St. James,46
2017-09-08,Jefferson (Festus),28,St. Pius X (Festus),9
2017-09-08,Clinton,6,St. Pius X (Kansas City),35
2017-09-08,Strafford,62,Stockton,0
2017-09-08,Sherwood,6,Summit Christian Academy,69
2017-09-08,Knob Noster,28,Tipton,26
2017-09-08,Princeton with Mercer,52,Trenton,32
2017-09-08,Veritas Christian Academy,0,Trinity Catholic,66
2017-09-08,Liberty North,42,Truman,0
2017-09-08,Pacific,49,Union,32
2017-09-08,Clayton,14,University City,20
2017-09-08,Crystal City,6,Valle Catholic,63
2017-09-08,Bowling Green,43,Van-Far with Community,38
2017-09-08,Battle,32,Vianney,52
2017-09-08,St. Charles,28,Warrenton,55
2017-09-08,Osage,38,Warsaw,0
2017-09-08,Holt,56,Washington,14
2017-09-08,Parkview,43,Waynesville,36
2017-09-08,Lathrop,47,West Platte,3
2017-09-08,Harrisburg,15,Westran,57
2017-09-08,Webb City,55,Willard,10
2017-09-08,Grandview,16,William Chrisman,28
2017-09-08,Mountain Grove,43,Willow Springs,6
2017-09-08,Lincoln,20,Windsor,14
2017-09-08,Lift for Life Academy Charter,34,Windsor (Imperial),17
2017-09-08,St. Charles West,34,Winfield,30
2017-09-08,Kearney,61,Winnetonka,6
2017-09-08,Mark Twain,21,Wright City,41
2017-09-09,Sweet Springs with Malta Bend,6,Chaffee,45
2017-09-09,Hermann,44,Cleveland NJROTC,18
2017-09-09,Drexel with Miami (Amoret),16,Dexter,47
2017-09-09,Northeast (Kansas City),0,East (Kansas City),28
2017-09-09,Hazelwood Central,32,Hazelwood East,8
2017-09-09,Riverview Gardens,38,Hazelwood West,41
2017-09-09,Jennings,0,McCluer South-Berkeley,28
2017-09-09,Parkway West,20,Normandy Collaborative,6
2017-09-09,Roosevelt,18,Soldan International Studies,48
2017-09-09,John Burroughs,20,Westminster Christian Academy,51
2017-09-15,Archie,6,Adrian,14
2017-09-15,Windsor,45,Appleton City with Montrose,14
2017-09-15,Butler,12,Ash Grove,33
2017-09-15,Salem,0,Ava,45
2017-09-15,Helias Catholic,7,Battle,40
2017-09-15,Carl Junction,34,Branson,7
2017-09-15,Louisiana,21,Brookfield,49
2017-09-15,Hollister,13,Buffalo,27
2017-09-15,Willard,12,Carthage,48
2017-09-15,Charleston,22,Caruthersville,66
2017-09-15,St. Pius X (Kansas City),7,Center,30
2017-09-15,Poplar Bluff,29,Central (Cape Girardeau),28
2017-09-15,Hayti,62,Central (New Madrid County),14
2017-09-15,Raymore-Peculiar,37,Central (St. Joseph),14
2017-09-15,Scott City,34,Chaffee,35
2017-09-15,Vianney,45,Chaminade College Prep,0
2017-09-15,Bishop LeBlond,8,Chillicothe,42
2017-09-15,De Smet Jesuit,7,Christian Brothers College,42
2017-09-15,Palmyra,20,Clark County,6
2017-09-15,Parkway West,14,Clayton,0
2017-09-15,Warrensburg,27,Clinton,21
2017-09-15,North Callaway,73,Clopton with Elsberry,8
2017-09-15,Wellington-Napoleon,16,Crest Ridge,24
2017-09-15,Sikeston,0,Dexter,12
2017-09-15,Lockwood with Golden City,49,Diamond,24
2017-09-15,Midway,28,Drexel with Miami (Amoret),12
2017-09-15,Cardinal Ritter,48,Duchesne,42
2017-09-15,Malden,50,East Prairie,14
2017-09-15,California,14,Eldon,55
2017-09-15,Lafayette (Wildwood),14,Eureka,28
2017-09-15,Stockton,16,Fair Grove,34
2017-09-15,Jackson,77,Farmington,42
2017-09-15,Carnahan,8,Father Tolton with Calvary Lutheran,25
2017-09-15,Westran,29,Fayette,38
2017-09-15,DeSoto with Kingston,0,Festus,10
2017-09-15,Francis Howell North,7,Francis Howell,42
2017-09-15,Troy Buchanan,61,Francis Howell Central,38
2017-09-15,Potosi,42,Fredericktown,16
2017-09-15,Washington,7,Ft. Zumwalt North,56
2017-09-15,Ft. Zumwalt East,42,Ft. Zumwalt South,21
2017-09-15,Marshall,15,Fulton,28
2017-09-15,Blair Oaks,18,Hallsville,6
2017-09-15,Excelsior Springs,21,Harrisonville,26
2017-09-15,Owensville,42,Hermann,12
2017-09-15,Rock Bridge,41,Hickman,9
2017-09-15,Monroe City,36,Highland,0
2017-09-15,Lexington,28,Holden,0
2017-09-15,Liberty (Wentzville),48,Holt,60
2017-09-15,Crystal City,22,Jefferson (Festus),61
2017-09-15,SLUH,38,Jefferson City,20
2017-09-15,Liberty North,14,Kearney,15
2017-09-15,Portageville,52,Kelly,22
2017-09-15,Glendale,46,Kickapoo,35
2017-09-15,Hannibal,34,Kirksville,7
2017-09-15,Carrollton,28,Knob Noster,6
2017-09-15,Harrisburg,18,Knox County,32
2017-09-15,Lathrop,2,Lawson,7
2017-09-15,Hillcrest,36,Lebanon,43
2017-09-15,Willow Springs,28,Liberty (Mountain View),56
2017-09-15,Marionville,12,Lincoln,14
2017-09-15,Southeast,24,Lincoln College Prep,30
2017-09-15,Parkway South,10,Lindbergh,49
2017-09-15,Marshfield,7,Logan-Rogersville,27
2017-09-15,St. Paul Lutheran (Concordia),20,Lone Jack,21
2017-09-15,Paris,0,Marceline,48
2017-09-15,Bowling Green,38,Mark Twain,6
2017-09-15,Cameron,0,Maryville,63
2017-09-15,Riverview Gardens,48,McCluer,28
2017-09-15,Mt. Vernon,43,McDonald County,21
2017-09-15,Seckman,20,Mehlville,48
2017-09-15,Boonville,24,Mexico,21
2017-09-15,East Buchanan,44,Mid-Buchanan,13
2017-09-15,Trenton,28,Milan,8
2017-09-15,Macon,14,Moberly,28
2017-09-15,Aurora,46,Monett,10
2017-09-15,South Callaway,56,Montgomery County,21
2017-09-15,Cabool,8,Mountain Grove,42
2017-09-15,Smith-Cotton,10,Nevada,0
2017-09-15,West Platte,14,North Platte,33
2017-09-15,Fox,33,Northwest (Cedar Hill),21
2017-09-15,Odessa,14,Oak Grove,18
2017-09-15,Marquette,42,Oakville,28
2017-09-15,Winfield,0,Orchard Farm,38
2017-09-15,Republic,7,Ozark,14
2017-09-15,Sullivan,0,Pacific,20
2017-09-15,Raytown,15,Park Hill South,19
2017-09-15,Camdenton,70,Parkview,34
2017-09-15,East (Kansas City),0,Pembroke Hill,18
2017-09-15,Plattsburg,12,Penney,52
2017-09-15,Belton,28,Platte County,44
2017-09-15,Grain Valley,21,Pleasant Hill,0
2017-09-15,Maysville with Winston,12,Polo,51
2017-09-15,Missouri Military Academy,12,Principia,48
2017-09-15,Princeton with Mercer,56,Putnam County,14
2017-09-15,William Chrisman,21,Raytown South,30
2017-09-15,Central (Springfield),0,Reeds Spring,45
2017-09-15,Lafayette County,51,Richmond,7
2017-09-15,Waynesville,34,Rolla,41
2017-09-15,Oak Park,36,Ruskin,0
2017-09-15,Concordia,13,Santa Fe,46
2017-09-15,Benton,0,Savannah,53
2017-09-15,Salisbury,14,Scotland County,33
2017-09-15,East Newton,6,Seneca,36
2017-09-15,Summit Christian Academy,23,Skyline,48
2017-09-15,El Dorado Springs,51,Slater,6
2017-09-15,Lafayette (St. Joseph),0,Smithville,35
2017-09-15,Gallatin,17,South Harrison,6
2017-09-15,Centralia,49,South Shelby,14
2017-09-15,Osage,51,Southern Boone,55
2017-09-15,Bolivar,7,Springfield Catholic,17
2017-09-15,North County,66,St. Charles,35
2017-09-15,Warrenton,28,St. Charles West,34
2017-09-15,Union,14,St. Clair,54
2017-09-15,Veritas Christian Academy,27,St. Dominic,30
2017-09-15,Cassville,33,St. James,6
2017-09-15,Herculaneum,7,St. Pius X (Festus),28
2017-09-15,Perryville,48,St. Vincent,26
2017-09-15,Fort Osage,15,Staley,22
2017-09-15,Central (Park Hills),47,Ste. Genevieve,28
2017-09-15,Pleasant Hope,6,Strafford,87
2017-09-15,Houston,0,Thayer,34
2017-09-15,Ft. Zumwalt West,54,Timberland,14
2017-09-15,Sumner,6,Valle Catholic,47
2017-09-15,Truman,22,Van Horn,21
2017-09-15,Versailles,21,Warsaw,28
2017-09-15,Joplin,28,West Plains,26
2017-09-15,Hillsboro,54,Windsor (Imperial),7
2017-09-15,Van-Far with Community,16,Wright City,49
2017-09-16,University Academy Charter,33,Central (Kansas City),20
2017-09-16,Lutheran North,82,John Burroughs,14
2017-09-16,Tipton,8,Liberal with Bronaugh,41
2017-09-16,Priory,12,MICDS,34
2017-09-16,Rockwood Summit,34,Ritenour,41
2017-09-16,Gateway,28,Roosevelt,12
2017-09-16,Cole Camp,44,Sherwood,6
2017-09-16,Miller Career Academy,14,Soldan International Studies,0
2017-09-16,St. Francis Borgia,37,St. Mary's South Side,7
2017-09-16,Parkway Central,34,University City,0
2017-09-16,Lutheran South,42,Westminster Christian Academy,3
2017-09-18,Confluence Prep Academy Charter,32,Cleveland NJROTC,8
2017-09-18,McCluer North,0,Hazelwood Central,58
2017-09-18,Affton,28,Jennings,12
2017-09-18,Lift for Life Academy Charter,0,McCluer South-Berkeley,46
2017-09-18,Kirkwood,7,Parkway North,0
2017-09-18,Ladue Horton Watkins,51,Vashon,0
2017-09-21,Parkview,58,Glendale,69
2017-09-22,Union,38,Affton,42
2017-09-22,Adrian,41,Appleton City with Montrose,0
2017-09-22,Skyline,20,Ash Grove,32
2017-09-22,Seneca,15,Aurora,14
2017-09-22,Hickman,0,Battle,42
2017-09-22,Kearney,44,Belton,7
2017-09-22,Maryville,47,Benton,7
2017-09-22,Smithville,42,Bishop LeBlond,7
2017-09-22,Southern Boone,7,Blair Oaks,30
2017-09-22,Rockhurst,14,Blue Springs,21
2017-09-22,Logan-Rogersville,24,Bolivar,23
2017-09-22,Kirksville,27,Boonville,6
2017-09-22,Montgomery County,55,Bowling Green,28
2017-09-22,Principia,6,Brentwood,31
2017-09-22,Midway,48,Butler,35
2017-09-22,Thayer,41,Cabool,0
2017-09-22,Hallsville,38,California,8
2017-09-22,Rolla,42,Camdenton,45
2017-09-22,Savannah,42,Cameron,0
2017-09-22,Carthage,7,Carl Junction,49
2017-09-22,Richmond,37,Carrollton,12
2017-09-22,Monett,0,Cassville,21
2017-09-22,Perryville,10,Central (Park Hills),36
2017-09-22,Nevada,49,Central (Springfield),12
2017-09-22,Mexico,21,Centralia,20
2017-09-22,Lafayette (St. Joseph),54,Chillicothe,38
2017-09-22,Center,42,Clinton,20
2017-09-22,Windsor,28,Cole Camp,12
2017-09-22,Lift for Life Academy Charter,18,Confluence Prep Academy Charter,22
2017-09-22,St. Vincent,41,Crystal City,14
2017-09-22,Caruthersville,42,Dexter,13
2017-09-22,Lawson,20,East Buchanan,26
2017-09-22,Chaffee,0,East Prairie,38
2017-09-22,Warsaw,48,Eldon,82
2017-09-22,Helias Catholic,24,Father Tolton with Calvary Lutheran,20
2017-09-22,Windsor (Imperial),7,Festus,42
2017-09-22,Oakville,24,Fox,31
2017-09-22,Francis Howell Central,18,Francis Howell North,35
2017-09-22,DeSoto with Kingston,55,Fredericktown,12
2017-09-22,Francis Howell,20,Ft. Zumwalt West,27
2017-09-22,Milan,8,Gallatin,45
2017-09-22,Harrisonville,13,Grain Valley,15
2017-09-22,Oak Park,7,Grandview,12
2017-09-22,Fulton,14,Hannibal,42
2017-09-22,Missouri Military Academy,6,Harrisburg,49
2017-09-22,Clark County,42,Highland,12
2017-09-22,Kickapoo,19,Hillcrest,46
2017-09-22,Reeds Spring,54,Hollister,6
2017-09-22,Ft. Zumwalt North,56,Holt,20
2017-09-22,Ava,43,Houston,0
2017-09-22,Stockton,47,Jasper,14
2017-09-22,Warrenton,43,Jennings,24
2017-09-22,Waynesville,28,Joplin,63
2017-09-22,Charleston,60,Kelly,6
2017-09-22,Central (New Madrid County),22,Kennett,34
2017-09-22,Marquette,20,Lafayette (Wildwood),28
2017-09-22,Holden,6,Lafayette County,49
2017-09-22,McDonald County,8,Lamar,50
2017-09-22,North Platte,0,Lathrop,45
2017-09-22,Lee's Summit North,14,Lee's Summit,7
2017-09-22,Knob Noster,15,Lexington,43
2017-09-22,Ft. Zumwalt East,49,Liberty (Wentzville),27
2017-09-22,Park Hill South,14,Liberty North,52
2017-09-22,Pierce City,32,Lockwood with Golden City,7
2017-09-22,Palmyra,58,Louisiana,14
2017-09-22,Lutheran South,12,Lutheran North,50
2017-09-22,Trinity Catholic,67,Lutheran St. Charles,6
2017-09-22,South Shelby,30,Macon,57
2017-09-22,Hayti,32,Malden,56
2017-09-22,Pleasant Hope,6,Marionville,61
2017-09-22,Moberly,46,Marshall,7
2017-09-22,Branson,26,Marshfield,7
2017-09-22,Princeton with Mercer,54,Maysville with Winston,14
2017-09-22,Lindbergh,59,Mehlville,28
2017-09-22,Brookfield,14,Monroe City,36
2017-09-22,Liberty (Mountain View),42,Mountain Grove,20
2017-09-22,East Newton,0,Mt. Vernon,54
2017-09-22,Wright City,7,North Callaway,43
2017-09-22,Hillsboro,48,North County,28
2017-09-22,Fort Osage,48,North Kansas City,20
2017-09-22,Lincoln College Prep,45,Northeast (Kansas City),6
2017-09-22,Excelsior Springs,33,Odessa,21
2017-09-22,St. Charles West,27,Orchard Farm,30
2017-09-22,Pacific,21,Owensville,60
2017-09-22,Fayette,42,Paris,18
2017-09-22,Lee's Summit West,31,Park Hill,27
2017-09-22,Clayton,3,Parkway Central,42
2017-09-22,Eureka,38,Parkway South,0
2017-09-22,Liberty,28,Platte County,35
2017-09-22,Mid-Buchanan,14,Plattsburg,49
2017-09-22,Oak Grove,0,Pleasant Hill,28
2017-09-22,Putnam County,42,Polo,47
2017-09-22,Jackson,28,Poplar Bluff,29
2017-09-22,Ste. Genevieve,20,Potosi,15
2017-09-22,Blue Springs South,49,Raymore-Peculiar,16
2017-09-22,Ruskin,12,Raytown,50
2017-09-22,Winnetonka,19,Raytown South,29
2017-09-22,Drexel with Miami (Amoret),38,Rich Hill with Hume,21
2017-09-22,Parkway North,49,Ritenour,56
2017-09-22,Jefferson City,21,Rock Bridge,32
2017-09-22,Pattonville,42,Rockwood Summit,0
2017-09-22,Willow Springs,7,Salem,20
2017-09-22,Knox County,34,Salisbury,12
2017-09-22,Diamond,0,Sarcoxie,62
2017-09-22,Marceline,43,Schuyler County,0
2017-09-22,Portageville,40,Scott City,7
2017-09-22,Northwest (Cedar Hill),51,Seckman,13
2017-09-22,Farmington,35,Sikeston,28
2017-09-22,Christian Brothers College,55,SLUH,7
2017-09-22,Mark Twain,13,South Callaway,49
2017-09-22,Buffalo,20,Springfield Catholic,47
2017-09-22,St. James,35,St. Clair,42
2017-09-22,Duchesne,10,St. Dominic,7
2017-09-22,Crest Ridge,52,St. Paul Lutheran (Concordia),29
2017-09-22,Cuba,49,St. Pius X (Festus),14
2017-09-22,William Chrisman,14,Staley,56
2017-09-22,Fair Grove,6,Strafford,34
2017-09-22,Hermann,0,Sullivan,29
2017-09-22,East (Kansas City),14,Summit Christian Academy,43
2017-09-22,Santa Fe,40,Sweet Springs with Malta Bend,30
2017-09-22,Lincoln,42,Tipton,14
2017-09-22,South Harrison,14,Trenton,8
2017-09-22,Timberland,50,Troy Buchanan,14
2017-09-22,Central (St. Joseph),21,Truman,14
2017-09-22,Jefferson (Festus),14,Valle Catholic,49
2017-09-22,Pembroke Hill,33,Van Horn,32
2017-09-22,Clopton with Elsberry,6,Van-Far with Community,30
2017-09-22,St. Francis Borgia,38,Veritas Christian Academy,7
2017-09-22,Osage,48,Versailles,8
2017-09-22,De Smet Jesuit,21,Vianney,56
2017-09-22,St. Pius X (Kansas City),14,Warrensburg,22
2017-09-22,Ft. Zumwalt South,42,Washington,6
2017-09-22,Nixa,7,Webb City,45
2017-09-22,Concordia,16,Wellington-Napoleon,46
2017-09-22,Lebanon,27,West Plains,22
2017-09-22,Penney,42,West Platte,7
2017-09-22,Scotland County,20,Westran,26
2017-09-22,Ozark,7,Willard,10
2017-09-22,St. Charles,43,Winfield,36
2017-09-23,Southeast,24,Central (Kansas City),20
2017-09-23,Sumner,28,Cleveland NJROTC,36
2017-09-23,Herculaneum,6,El Dorado Springs,52
2017-09-23,McCluer,0,Hazelwood Central,53
2017-09-23,Miller Career Academy,8,Hogan Prep Academy Charter,25
2017-09-23,Hazelwood West,48,McCluer North,0
2017-09-23,John Burroughs,0,MICDS,52
2017-09-23,McCluer South-Berkeley,56,Normandy Collaborative,18
2017-09-23,Ladue Horton Watkins,43,Parkway West,7
2017-09-23,Westminster Christian Academy,63,Priory,6
2017-09-23,Hazelwood East,6,Riverview Gardens,26
2017-09-23,Vashon,34,Roosevelt,26
2017-09-23,Gateway,18,Soldan International Studies,38
2017-09-23,Sherwood,0,University Academy Charter,53
2017-09-23,Central (Cape Girardeau),50,University City,6
2017-09-28,Ladue Horton Watkins,45,Clayton,13
2017-09-28,John Burroughs,8,Lutheran South,33
2017-09-28,Mehlville,6,Marquette,34
2017-09-28,Westminster Christian Academy,31,MICDS,38
2017-09-28,Parkway North,54,Oakville,0
2017-09-28,Hillcrest,48,Parkview,14
2017-09-28,Jennings,6,Parkway Central,50
2017-09-28,University Academy Charter,0,Pembroke Hill,7
2017-09-29,Appleton City with Montrose,6,Archie,28
2017-09-29,Pleasant Hope,0,Ash Grove,58
2017-09-29,Mt. Vernon,14,Aurora,33
2017-09-29,Thayer,13,Ava,37
2017-09-29,Bishop LeBlond,13,Benton,42
2017-09-29,Lee's Summit,21,Blue Springs South,49
2017-09-29,Republic,56,Branson,35
2017-09-29,Lift for Life Academy Charter,0,Brentwood,20
2017-09-29,Macon,32,Brookfield,21
2017-09-29,Bolivar,51,Buffalo,16
2017-09-29,Liberty (Mountain View),55,Cabool,14
2017-09-29,Southern Boone,49,California,6
2017-09-29,Willard,7,Carl Junction,42
2017-09-29,Cleveland NJROTC,6,Carnahan,44
2017-09-29,Warrensburg,0,Center,56
2017-09-29,Kelly,24,Central (New Madrid County),56
2017-09-29,Fredericktown,17,Central (Park Hills),54
2017-09-29,Jefferson City,15,Christian Brothers College,42
2017-09-29,Lone Jack,21,Concordia,51
2017-09-29,Sweet Springs with Malta Bend,12,Crest Ridge,26
2017-09-29,Herculaneum,28,Crystal City,0
2017-09-29,Chaminade College Prep,35,De Smet Jesuit,28
2017-09-29,Veritas Christian Academy,28,Duchesne,38
2017-09-29,El Dorado Springs,46,East Newton,0
2017-09-29,Oak Grove,31,Excelsior Springs,49
2017-09-29,Marionville,18,Fair Grove,55
2017-09-29,Potosi,14,Farmington,42
2017-09-29,Trinity Catholic,71,Father Tolton with Calvary Lutheran,12
2017-09-29,Pacific,21,Festus,35
2017-09-29,Lee's Summit West,39,Fort Osage,9
2017-09-29,Hazelwood West,23,Fox,21
2017-09-29,Ft. Zumwalt West,49,Francis Howell Central,0
2017-09-29,Washington,20,Ft. Zumwalt East,55
2017-09-29,Holt,51,Ft. Zumwalt South,45
2017-09-29,Boonville,28,Fulton,24
2017-09-29,Sumner,6,Gateway,30
2017-09-29,Odessa,21,Grain Valley,53
2017-09-29,Pleasant Hill,14,Harrisonville,40
2017-09-29,Scott City,9,Hayti,58
2017-09-29,St. Clair,52,Hermann,6
2017-09-29,Central (Kansas City),0,Hickman,68
2017-09-29,DeSoto with Kingston,19,Hillsboro,34
2017-09-29,Richmond,41,Holden,18
2017-09-29,Springfield Catholic,35,Hollister,0
2017-09-29,Central (Cape Girardeau),21,Jackson,63
2017-09-29,Liberal with Bronaugh,25,Jasper,21
2017-09-29,Central (Springfield),34,Jefferson (Festus),55
2017-09-29,Raytown,33,Kearney,48
2017-09-29,Dexter,0,Kennett,22
2017-09-29,West Plains,41,Kickapoo,21
2017-09-29,Mexico,21,Kirksville,6
2017-09-29,Parkway South,23,Kirkwood,27
2017-09-29,Lafayette County,58,Knob Noster,25
2017-09-29,Scotland County,28,Knox County,6
2017-09-29,Cameron,6,Lafayette (St. Joseph),42
2017-09-29,Plattsburg,21,Lathrop,51
2017-09-29,Penney,49,Lawson,21
2017-09-29,Joplin,35,Lebanon,0
2017-09-29,Carrollton,14,Lexington,55
2017-09-29,Ft. Zumwalt North,65,Liberty (Wentzville),16
2017-09-29,Central (St. Joseph),17,Liberty North,35
2017-09-29,East (Kansas City),0,Lincoln College Prep,20
2017-09-29,Ritenour,42,Lindbergh,46
2017-09-29,Sarcoxie,36,Lockwood with Golden City,15
2017-09-29,Clark County,62,Louisiana,0
2017-09-29,Charleston,12,Malden,48
2017-09-29,Salisbury,6,Marceline,59
2017-09-29,Reeds Spring,48,Marshfield,14
2017-09-29,Monett,18,McDonald County,21
2017-09-29,Rich Hill with Hume,0,Midway,28
2017-09-29,Hannibal,13,Moberly,18
2017-09-29,Paris,0,Monroe City,54
2017-09-29,Mark Twain,13,Montgomery County,34
2017-09-29,Carthage,46,Nixa,14
2017-09-29,East Buchanan,52,North Platte,15
2017-09-29,Staley,50,Oak Park,0
2017-09-29,Blair Oaks,52,Osage,26
2017-09-29,Webb City,41,Ozark,10
2017-09-29,Centralia,0,Palmyra,35
2017-09-29,Liberty,41,Park Hill South,9
2017-09-29,University City,0,Parkway West,42
2017-09-29,Sikeston,0,Poplar Bluff,27
2017-09-29,East Prairie,38,Portageville,50
2017-09-29,Gallatin,23,Princeton with Mercer,58
2017-09-29,Maysville with Winston,8,Putnam County,45
2017-09-29,Park Hill,38,Raymore-Peculiar,25
2017-09-29,Platte County,31,Raytown South,7
2017-09-29,Hazelwood East,20,Rockwood Summit,14
2017-09-29,Glendale,34,Rolla,69
2017-09-29,Belton,37,Ruskin,8
2017-09-29,Mountain Grove,22,Salem,33
2017-09-29,Chillicothe,48,Savannah,34
2017-09-29,Westran,20,Schuyler County,6
2017-09-29,Cassville,14,Seneca,33
2017-09-29,Drexel with Miami (Amoret),38,Sherwood,6
2017-09-29,Strafford,34,Skyline,0
2017-09-29,Lincoln,49,Slater,6
2017-09-29,Clinton,14,Smith-Cotton,30
2017-09-29,Maryville,6,Smithville,42
2017-09-29,Bowling Green,12,South Callaway,47
2017-09-29,Milan,14,South Harrison,38
2017-09-29,Highland,0,South Shelby,44
2017-09-29,Orchard Farm,34,St. Charles,14
2017-09-29,St. Francis Borgia,48,St. Charles West,17
2017-09-29,St. Dominic,14,St. Mary's South Side,33
2017-09-29,Wellington-Napoleon,44,St. Paul Lutheran (Concordia),21
2017-09-29,St. Pius X (Festus),61,St. Vincent,25
2017-09-29,Perryville,21,Ste. Genevieve,33
2017-09-29,Butler,14,Stockton,37
2017-09-29,St. James,48,Sullivan,7
2017-09-29,Francis Howell,24,Timberland,10
2017-09-29,Cole Camp,16,Tipton,32
2017-09-29,Polo,20,Trenton,56
2017-09-29,Battle,34,Truman,0
2017-09-29,Owensville,49,Union,12
2017-09-29,North Callaway,47,Van-Far with Community,0
2017-09-29,Eldon,69,Versailles,20
2017-09-29,SLUH,7,Vianney,48
2017-09-29,Winfield,26,Warrenton,51
2017-09-29,Hallsville,33,Warsaw,40
2017-09-29,Camdenton,28,Waynesville,7
2017-09-29,Lafayette (Wildwood),27,Webster Groves,25
2017-09-29,Mid-Buchanan,19,West Platte,17
2017-09-29,North Kansas City,16,William Chrisman,36
2017-09-29,Houston,40,Willow Springs,29
2017-09-29,Adrian,14,Windsor,6
2017-09-29,North County,56,Windsor (Imperial),10
2017-09-29,Grandview,39,Winnetonka,0
2017-09-29,Clopton with Elsberry,24,Wright City,62
2017-09-30,Caruthersville,63,Cuba,20
2017-09-30,Pattonville,27,Hazelwood Central,33
2017-09-30,Rock Bridge,58,Helias Catholic,30
2017-09-30,Marshall,7,Hogan Prep Academy Charter,52
2017-09-30,Valle Catholic,7,Lamar,55
2017-09-30,Blue Springs,42,Lee's Summit North,6
2017-09-30,Northwest (Cedar Hill),30,McCluer,22
2017-09-30,Eureka,56,McCluer North,0
2017-09-30,Affton,14,Normandy Collaborative,12
2017-09-30,Southeast,46,Northeast (Kansas City),6
2017-09-30,Chaffee,45,Principia,14
2017-09-30,Seckman,7,Riverview Gardens,44
2017-09-30,Miller Career Academy,42,Roosevelt,0
2017-09-30,Francis Howell North,14,Troy Buchanan,35
2017-09-30,Summit Christian Academy,34,Van Horn,19
2017-09-30,Soldan International Studies,20,Vashon,22
2017-10-06,Jasper,36,Appleton City with Montrose,18
2017-10-06,Cabool,0,Ava,59
2017-10-06,Oak Park,6,Belton,35
2017-10-06,California,6,Blair Oaks,44
2017-10-06,Blue Springs South,3,Blue Springs,20
2017-10-06,Moberly,41,Boonville,7
2017-10-06,North Callaway,48,Bowling Green,7
2017-10-06,Confluence Prep Academy Charter,15,Brentwood,14
2017-10-06,Summit Christian Academy,19,Butler,7
2017-10-06,Benton,55,Cameron,0
2017-10-06,Priory,6,Cardinal Ritter,26
2017-10-06,Sumner,6,Carnahan,32
2017-10-06,Holden,2,Carrollton,10
2017-10-06,Republic,7,Carthage,48
2017-10-06,Hayti,32,Caruthersville,39
2017-10-06,Aurora,13,Cassville,34
2017-10-06,Chaminade College Prep,57,Central (Cape Girardeau),17
2017-10-06,Dexter,20,Central (Park Hills),36
2017-10-06,Raytown,41,Central (St. Joseph),42
2017-10-06,Monroe City,38,Centralia,21
2017-10-06,Jefferson (Festus),48,Chaffee,12
2017-10-06,South Shelby,0,Clark County,19
2017-10-06,Central (Springfield),0,Clinton,42
2017-10-06,South Callaway,63,Clopton with Elsberry,6
2017-10-06,St. Vincent,36,Cole Camp,59
2017-10-06,Crest Ridge,61,Concordia,26
2017-10-06,Ste. Genevieve,28,DeSoto with Kingston,21
2017-10-06,Lathrop,26,East Buchanan,34
2017-10-06,Charleston,66,East Prairie,42
2017-10-06,Osage,13,Eldon,49
2017-10-06,Lindbergh,10,Eureka,41
2017-10-06,Grain Valley,27,Excelsior Springs,12
2017-10-06,Ash Grove,7,Fair Grove,49
2017-10-06,Cuba,14,Father Tolton with Calvary Lutheran,46
2017-10-06,William Chrisman,0,Fort Osage,23
2017-10-06,Francis Howell Central,0,Francis Howell,56
2017-10-06,Holt,34,Ft. Zumwalt East,42
2017-10-06,Ft. Zumwalt South,7,Ft. Zumwalt North,54
2017-10-06,Putnam County,30,Gallatin,28
2017-10-06,Waynesville,28,Glendale,63
2017-10-06,Raytown South,13,Grandview,26
2017-10-06,Versailles,8,Hallsville,47
2017-10-06,Marshall,10,Hannibal,48
2017-10-06,Scotland County,51,Harrisburg,25
2017-10-06,Valle Catholic,56,Herculaneum,0
2017-10-06,Rolla,34,Hillcrest,38
2017-10-06,Mountain Grove,14,Houston,24
2017-10-06,De Smet Jesuit,33,Jackson,63
2017-10-06,Battle,14,Jefferson City,31
2017-10-06,Camdenton,7,Joplin,49
2017-10-06,Scott City,14,Kelly,6
2017-10-06,Helias Catholic,52,Kirksville,13
2017-10-06,Rockwood Summit,14,Kirkwood,37
2017-10-06,Highland,22,Knox County,40
2017-10-06,Bishop LeBlond,7,Lafayette (St. Joseph),63
2017-10-06,Fox,6,Lafayette (Wildwood),30
2017-10-06,Mt. Vernon,6,Lamar,48
2017-10-06,Kickapoo,28,Lebanon,49
2017-10-06,Raymore-Peculiar,7,Lee's Summit,21
2017-10-06,Park Hill South,3,Lee's Summit North,35
2017-10-06,Hickman,20,Lee's Summit West,56
2017-10-06,Diamond,6,Liberal with Bronaugh,47
2017-10-06,Truman,7,Liberty,54
2017-10-06,Salem,14,Liberty (Mountain View),7
2017-10-06,Lift for Life Academy Charter,6,Lutheran St. Charles,54
2017-10-06,Louisiana,13,Macon,60
2017-10-06,Kennett,24,Malden,58
2017-10-06,Van-Far with Community,14,Mark Twain,35
2017-10-06,Bolivar,38,Marshfield,0
2017-10-06,Savannah,3,Maryville,14
2017-10-06,Trenton,48,Maysville with Winston,6
2017-10-06,East Newton,0,McDonald County,54
2017-10-06,Fulton,7,Mexico,28
2017-10-06,Lawson,33,Mid-Buchanan,18
2017-10-06,Seneca,28,Monett,7
2017-10-06,Wright City,28,Montgomery County,42
2017-10-06,Ozark,21,Nixa,14
2017-10-06,Ruskin,20,North Kansas City,42
2017-10-06,Mehlville,7,Northwest (Cedar Hill),34
2017-10-06,Harrisonville,41,Oak Grove,0
2017-10-06,Pleasant Hill,6,Odessa,49
2017-10-06,Warrenton,53,Orchard Farm,27
2017-10-06,Sullivan,14,Owensville,53
2017-10-06,Hermann,14,Pacific,39
2017-10-06,Brookfield,2,Palmyra,28
2017-10-06,Schuyler County,28,Paris,20
2017-10-06,Liberty North,23,Park Hill,45
2017-10-06,Parkway West,7,Parkway Central,31
2017-10-06,Marquette,40,Parkway South,42
2017-10-06,Ritenour,14,Pattonville,34
2017-10-06,North Platte,18,Penney,53
2017-10-06,El Dorado Springs,20,Pierce City,27
2017-10-06,Winnetonka,14,Platte County,42
2017-10-06,West Platte,21,Plattsburg,41
2017-10-06,Stockton,62,Pleasant Hope,0
2017-10-06,Milan,20,Polo,12
2017-10-06,Hillsboro,20,Poplar Bluff,21
2017-10-06,North County,54,Potosi,17
2017-10-06,South Harrison,6,Princeton with Mercer,20
2017-10-06,Buffalo,6,Reeds Spring,49
2017-10-06,Archie,50,Rich Hill with Hume,14
2017-10-06,Knob Noster,27,Richmond,57
2017-10-06,SLUH,7,Rock Bridge,45
2017-10-06,Christian Brothers College,28,Rockhurst,3
2017-10-06,Fayette,36,Salisbury,6
2017-10-06,St. Paul Lutheran (Concordia),27,Santa Fe,42
2017-10-06,Oakville,28,Seckman,7
2017-10-06,Adrian,32,Sherwood,0
2017-10-06,Central (New Madrid County),6,Sikeston,49
2017-10-06,Marionville,23,Skyline,13
2017-10-06,St. Pius X (Kansas City),14,Smith-Cotton,41
2017-10-06,Chillicothe,14,Smithville,7
2017-10-06,Lincoln,37,Southeast,0
2017-10-06,Warsaw,12,Southern Boone,47
2017-10-06,Logan-Rogersville,7,Springfield Catholic,36
2017-10-06,St. Charles West,68,St. Charles,27
2017-10-06,Duchesne,20,St. Clair,53
2017-10-06,MICDS,49,St. Dominic,6
2017-10-06,Festus,0,St. Francis Borgia,48
2017-10-06,Union,7,St. James,49
2017-10-06,Fredericktown,3,St. Mary's South Side,56
2017-10-06,Crystal City,0,St. Pius X (Festus),48
2017-10-06,Kearney,0,Staley,42
2017-10-06,Hollister,0,Strafford,40
2017-10-06,Lone Jack,20,Sweet Springs with Malta Bend,39
2017-10-06,Willow Springs,12,Thayer,56
2017-10-06,Francis Howell North,22,Timberland,43
2017-10-06,John Burroughs,7,Trinity Catholic,62
2017-10-06,Nevada,27,Warrensburg,28
2017-10-06,Liberty (Wentzville),55,Washington,17
2017-10-06,Parkview,12,West Plains,42
2017-10-06,Marceline,25,Westran,22
2017-10-06,Branson,14,Willard,49
2017-10-06,Slater,12,Windsor,53
2017-10-07,Lincoln College Prep,0,Central (Kansas City),38
2017-10-07,Farmington,28,Clayton,18
2017-10-07,Roosevelt,42,Cleveland NJROTC,14
2017-10-07,Midway,27,East (Kansas City),8
2017-10-07,Troy Buchanan,6,Ft. Zumwalt West,42
2017-10-07,Hazelwood Central,32,Hazelwood West,10
2017-10-07,Normandy Collaborative,20,Jennings,14
2017-10-07,University City,0,Ladue Horton Watkins,40
2017-10-07,Lexington,6,Lafayette County,36
2017-10-07,Hazelwood East,54,McCluer,0
2017-10-07,Affton,0,McCluer South-Berkeley,46
2017-10-07,Gateway,7,Miller Career Academy,8
2017-10-07,Hogan Prep Academy Charter,50,Northeast (Kansas City),14
2017-10-07,Webster Groves,14,Parkway North,13
2017-10-07,Windsor (Imperial),0,Perryville,49
2017-10-07,McCluer North,0,Riverview Gardens,46
2017-10-07,Van Horn,13,University Academy Charter,14
2017-10-07,Vianney,63,Vashon,12
2017-10-07,Veritas Christian Academy,0,Westminster Christian Academy,10
2017-10-13,Fair Grove,42,Adrian,0
2017-10-13,Clayton,14,Affton,20
2017-10-13,Diamond,0,Archie,35
2017-10-13,Strafford,13,Ash Grove,10
2017-10-13,McDonald County,32,Aurora,42
2017-10-13,Hannibal,14,Battle,28
2017-10-13,Grandview,13,Belton,28
2017-10-13,Savannah,53,Bishop LeBlond,0
2017-10-13,Park Hill,24,Blue Springs South,20
2017-10-13,Ozark,42,Bolivar,14
2017-10-13,Clark County,26,Brookfield,0
2017-10-13,University Academy Charter,42,Butler,3
2017-10-13,Salem,35,Cabool,6
2017-10-13,Glendale,36,Camdenton,63
2017-10-13,Smithville,49,Cameron,8
2017-10-13,St. Mary's South Side,26,Cardinal Ritter,41
2017-10-13,Nixa,0,Carl Junction,34
2017-10-13,Smith-Cotton,43,Center,32
2017-10-13,Soldan International Studies,12,Central (Cape Girardeau),49
2017-10-13,Caruthersville,59,Central (New Madrid County),0
2017-10-13,Macon,26,Centralia,19
2017-10-13,Kelly,12,Chaffee,26
2017-10-13,Central (Springfield),0,Chaminade College Prep,63
2017-10-13,Herculaneum,7,Charleston,50
2017-10-13,Benton,17,Chillicothe,50
2017-10-13,Vianney,35,Christian Brothers College,42
2017-10-13,Mark Twain,59,Clopton with Elsberry,14
2017-10-13,Windsor,20,Crest Ridge,18
2017-10-13,Cleveland NJROTC,12,Crystal City,10
2017-10-13,Helias Catholic,31,De Smet Jesuit,38
2017-10-13,Potosi,10,DeSoto with Kingston,13
2017-10-13,Malden,44,Dexter,12
2017-10-13,Orchard Farm,19,Duchesne,16
2017-10-13,Monett,41,East Newton,6
2017-10-13,Skyline,30,El Dorado Springs,31
2017-10-13,Northwest (Cedar Hill),12,Eureka,49
2017-10-13,St. Paul Lutheran (Concordia),3,Father Tolton with Calvary Lutheran,54
2017-10-13,Knox County,20,Fayette,38
2017-10-13,Poplar Bluff,34,Festus,10
2017-10-13,Seckman,7,Fox,48
2017-10-13,Rock Bridge,33,Francis Howell,26
2017-10-13,Parkway Central,55,Francis Howell Central,14
2017-10-13,Washington,12,Francis Howell North,49
2017-10-13,Timberland,20,Ft. Zumwalt North,42
2017-10-13,Ladue Horton Watkins,47,Ft. Zumwalt South,0
2017-10-13,Gateway,13,Ft. Zumwalt West,57
2017-10-13,Kirksville,7,Fulton,28
2017-10-13,Eldon,35,Hallsville,14
2017-10-13,Marceline,62,Harrisburg,0
2017-10-13,Odessa,29,Harrisonville,47
2017-10-13,Portageville,38,Hayti,58
2017-10-13,Liberty North,48,Hickman,0
2017-10-13,Louisiana,13,Highland,28
2017-10-13,Knob Noster,7,Holden,34
2017-10-13,Marshfield,43,Hollister,40
2017-10-13,Troy Buchanan,35,Holt,42
2017-10-13,Lockwood with Golden City,42,Jasper,6
2017-10-13,Rockhurst,30,Jefferson City,12
2017-10-13,Hillcrest,28,Joplin,48
2017-10-13,Platte County,31,Kearney,38
2017-10-13,East Prairie,25,Kennett,63
2017-10-13,Parkway South,0,Lafayette (Wildwood),27
2017-10-13,Carrollton,13,Lafayette County,33
2017-10-13,West Platte,9,Lawson,23
2017-10-13,Lee's Summit,20,Lee's Summit West,17
2017-10-13,Lee's Summit North,30,Liberty,15
2017-10-13,Houston,18,Liberty (Mountain View),29
2017-10-13,Cole Camp,0,Lincoln,14
2017-10-13,Hogan Prep Academy Charter,47,Lincoln College Prep,6
2017-10-13,Buffalo,22,Logan-Rogersville,28
2017-10-13,Drexel with Miami (Amoret),48,Lone Jack,28
2017-10-13,Sullivan,7,Lutheran South,53
2017-10-13,Stockton,8,Marionville,22
2017-10-13,Lindbergh,51,Marquette,20
2017-10-13,Boonville,36,Marshall,22
2017-10-13,Lafayette (St. Joseph),12,Maryville,14
2017-10-13,Lathrop,40,Mid-Buchanan,0
2017-10-13,Sherwood,7,Midway,47
2017-10-13,Maysville with Winston,14,Milan,34
2017-10-13,Mexico,20,Moberly,21
2017-10-13,Palmyra,20,Monroe City,22
2017-10-13,Thayer,14,Mountain Grove,15
2017-10-13,Cassville,27,Mt. Vernon,19
2017-10-13,Clinton,37,Nevada,51
2017-10-13,Montgomery County,21,North Callaway,55
2017-10-13,Fredericktown,19,North County,70
2017-10-13,Central (St. Joseph),38,North Kansas City,42
2017-10-13,Plattsburg,49,North Platte,13
2017-10-13,Grain Valley,42,Oak Grove,14
2017-10-13,Fort Osage,30,Oak Park,6
2017-10-13,Mehlville,32,Oakville,25
2017-10-13,California,14,Osage,47
2017-10-13,St. Clair,28,Owensville,42
2017-10-13,Truman,14,Park Hill South,42
2017-10-13,Lebanon,56,Parkview,32
2017-10-13,Farmington,13,Parkway West,26
2017-10-13,Parkway North,28,Pattonville,42
2017-10-13,St. Pius X (Kansas City),21,Pembroke Hill,10
2017-10-13,East Buchanan,16,Penney,56
2017-10-13,Excelsior Springs,28,Pleasant Hill,14
2017-10-13,Polo,7,Princeton with Mercer,62
2017-10-13,Blue Springs,23,Raymore-Peculiar,10
2017-10-13,Raytown South,7,Raytown,34
2017-10-13,Springfield Catholic,7,Reeds Spring,35
2017-10-13,Willard,26,Republic,25
2017-10-13,Liberal with Bronaugh,61,Rich Hill with Hume,14
2017-10-13,Lexington,20,Richmond,13
2017-10-13,Kirkwood,31,Ritenour,14
2017-10-13,West Plains,63,Rolla,28
2017-10-13,Staley,62,Ruskin,7
2017-10-13,Schuyler County,28,Salisbury,18
2017-10-13,Pierce City,35,Sarcoxie,26
2017-10-13,South Shelby,54,Scotland County,16
2017-10-13,Perryville,47,Scott City,19
2017-10-13,Lamar,42,Seneca,13
2017-10-13,Central (Park Hills),32,Sikeston,21
2017-10-13,Jackson,65,SLUH,42
2017-10-13,Putnam County,20,South Harrison,40
2017-10-13,Versailles,0,Southern Boone,47
2017-10-13,Pacific,20,St. James,35
2017-10-13,Jefferson (Festus),40,St. Vincent,20
2017-10-13,Brentwood,7,Ste. Genevieve,21
2017-10-13,Concordia,14,Tipton,36
2017-10-13,Gallatin,14,Trenton,12
2017-10-13,Hermann,10,Union,6
2017-10-13,St. Pius X (Festus),0,Valle Catholic,62
2017-10-13,South Callaway,59,Van-Far with Community,7
2017-10-13,Lutheran St. Charles,14,Veritas Christian Academy,47
2017-10-13,Ft. Zumwalt East,35,Warrenton,42
2017-10-13,Blair Oaks,64,Warsaw,6
2017-10-13,Kickapoo,36,Waynesville,20
2017-10-13,Branson,7,Webb City,49
2017-10-13,Rockwood Summit,26,Webster Groves,21
2017-10-13,Sweet Springs with Malta Bend,12,Wellington-Napoleon,50
2017-10-13,Paris,0,Westran,35
2017-10-13,Winnetonka,0,William Chrisman,41
2017-10-13,Ava,54,Willow Springs,0
2017-10-13,Cuba,50,Windsor (Imperial),21
2017-10-13,Lift for Life Academy Charter,14,Winfield,43
2017-10-13,Bowling Green,16,Wright City,21
2017-10-14,Van Horn,38,Central (Kansas City),32
2017-10-14,Southeast,27,East (Kansas City),6
2017-10-14,Riverview Gardens,30,Hazelwood Central,37
2017-10-14,McCluer North,12,Hazelwood East,50
2017-10-14,McCluer,26,Hazelwood West,28
2017-10-14,Miller Career Academy,22,John Burroughs,18
2017-10-14,Confluence Prep Academy Charter,0,McCluer South-Berkeley,58
2017-10-14,Hillsboro,12,MICDS,13
2017-10-14,Lutheran North,82,Normandy Collaborative,6
2017-10-14,St. Dominic,17,Priory,7
2017-10-14,Carnahan,36,Roosevelt,26
2017-10-14,Vashon,38,Sumner,20
2017-10-14,Jennings,14,University City,15
2017-10-14,St. Francis Borgia,52,Westminster Christian Academy,27
2017-10-20,Scott City,15,Portageville,50
2017-10-20,Crystal City,0,Hayti,58
2017-10-20,St. Vincent,27,Chaffee,39
2017-10-20,Pleasant Hope,0,Pierce City,53
2017-10-20,Ash Grove,39,Marionville,14
2017-10-20,Cabool,22,Sarcoxie,45
2017-10-20,Rich Hill with Hume,14,Adrian,51
2017-10-20,Liberal with Bronaugh,20,Archie,15
2017-10-20,Jasper,22,Midway,42
2017-10-20,Drexel with Miami (Amoret),8,Lockwood with Golden City,38
2017-10-20,Tipton,36,Skyline,18
2017-10-20,Lone Jack,13,Windsor,52
2017-10-20,Appleton City with Montrose,6,Crest Ridge,42
2017-10-20,Louisiana,6,Monroe City,62
2017-10-20,Knox County,32,Mark Twain,36
2017-10-20,Paris,0,South Shelby,43
2017-10-20,Schuyler County,0,Scotland County,37
2017-10-20,Salisbury,0,Marceline,40
2017-10-20,Sweet Springs with Malta Bend,22,Santa Fe,50
2017-10-20,Harrisburg,28,Fayette,58
2017-10-20,Slater,13,Westran,48
2017-10-20,Mid-Buchanan,20,East Buchanan,34
2017-10-20,Concordia,12,Wellington-Napoleon,36
2017-10-20,North Platte,22,Plattsburg,54
2017-10-20,Maysville with Winston,8,Princeton with Mercer,55
2017-10-20,South Harrison,38,Polo,20
2017-10-20,Milan,0,Penney,35
2017-10-20,Putnam County,32,Gallatin,22
2017-10-20,St. Pius X (Festus),20,Charleston,60
2017-10-20,Kelly,8,Malden,56
2017-10-20,East Prairie,36,Jefferson (Festus),21
2017-10-20,Cleveland NJROTC,0,Carnahan,62
2017-10-20,Herculaneum,0,Cardinal Ritter,49
2017-10-20,Diamond,0,Ava,47
2017-10-20,Cuba,31,Liberty (Mountain View),69
2017-10-20,Willow Springs,0,Mountain Grove,38
2017-10-20,Houston,27,Strafford,35
2017-10-20,California,6,Lamar,69
2017-10-20,Cole Camp,14,Warsaw,44
2017-10-20,Stockton,0,Fair Grove,44
2017-10-20,Versailles,34,El Dorado Springs,29
2017-10-20,Montgomery County,7,North Callaway,60
2017-10-20,Hallsville,35,Hermann,21
2017-10-20,Principia,14,South Callaway,62
2017-10-20,Father Tolton with Calvary Lutheran,34,Brentwood,7
2017-10-20,Highland,0,Macon,40
2017-10-20,Bowling Green,8,Clark County,54
2017-10-20,Clopton with Elsberry,8,Palmyra,79
2017-10-20,Van-Far with Community,6,Centralia,45
2017-10-20,St. Paul Lutheran (Concordia),14,Knob Noster,42
2017-10-20,Sherwood,6,Summit Christian Academy,50
2017-10-20,Butler,0,Holden,40
2017-10-20,Brookfield,13,Lafayette County,30
2017-10-20,Lawson,36,Bishop LeBlond,6
2017-10-20,Carrollton,21,Lexington,49
2017-10-20,Trenton,15,Lathrop,41
2017-10-20,Central (New Madrid County),12,Central (Park Hills),55
2017-10-20,Potosi,17,Ste. Genevieve,47
2017-10-20,Fredericktown,27,Kennett,70
2017-10-20,Dexter,0,Salem,38
2017-10-20,Sullivan,7,St. James,49
2017-10-20,Logan-Rogersville,28,Owensville,34
2017-10-20,Buffalo,33,Eldon,72
2017-10-20,Osage,21,Springfield Catholic,33
2017-10-20,East Newton,0,Seneca,48
2017-10-20,Mt. Vernon,30,Aurora,18
2017-10-20,Hollister,0,Cassville,47
2017-10-20,Monett,6,Reeds Spring,59
2017-10-20,Soldan International Studies,14,Orchard Farm,24
2017-10-20,Normandy Collaborative,6,St. Charles West,33
2017-10-20,Duchesne,38,Lutheran St. Charles,46
2017-10-20,Missouri Military Academy,0,Blair Oaks,52
2017-10-20,Winfield,35,Wright City,44
2017-10-20,Veritas Christian Academy,28,Mexico,52
2017-10-20,Fulton,15,Southern Boone,34
2017-10-20,Boonville,7,Pleasant Hill,43
2017-10-20,Clinton,14,Center,42
2017-10-20,Southeast,0,Odessa,53
2017-10-20,Cameron,8,Chillicothe,49
2017-10-20,Central (Kansas City),28,Pembroke Hill,36
2017-10-20,Lincoln College Prep,26,Maryville,69
2017-10-20,Richmond,22,St. Pius X (Kansas City),41
2017-10-20,DeSoto with Kingston,15,Hillsboro,36
2017-10-20,Perryville,7,Farmington,39
2017-10-20,Festus,6,North County,47
2017-10-20,Sikeston,14,Central (Cape Girardeau),49
2017-10-20,Windsor (Imperial),7,Ladue Horton Watkins,56
2017-10-20,Affton,8,Gateway,40
2017-10-20,Clayton,7,St. Mary's South Side,54
2017-10-20,McCluer,14,Ft. Zumwalt East,34
2017-10-20,University City,8,Parkway Central,49
2017-10-20,St. Dominic,11,Parkway North,47
2017-10-20,Priory,0,St. Francis Borgia,41
2017-10-20,St. Clair,52,Pacific,36
2017-10-20,Union,6,Parkway West,49
2017-10-20,Westminster Christian Academy,17,Rolla,42
2017-10-20,Marshfield,0,Webb City,54
2017-10-20,Hillcrest,12,Camdenton,39
2017-10-20,McDonald County,13,Carl Junction,49
2017-10-20,Bolivar,21,West Plains,42
2017-10-20,Northeast (Kansas City),14,Grain Valley,62
2017-10-20,Raytown South,32,Nevada,48
2017-10-20,East (Kansas City),22,Harrisonville,53
2017-10-20,Van Horn,7,Grandview,34
2017-10-20,Marshall,15,Warrenton,41
2017-10-20,Liberty (Wentzville),42,Helias Catholic,66
2017-10-20,Kirksville,12,Moberly,21
2017-10-20,Warrensburg,18,Hannibal,41
2017-10-20,Winnetonka,6,Kearney,47
2017-10-20,Excelsior Springs,34,Lafayette (St. Joseph),35
2017-10-20,Benton,21,Platte County,50
2017-10-20,Savannah,17,Smithville,42
2017-10-20,Rockwood Summit,35,Oakville,21
2017-10-20,Parkway South,14,Webster Groves,24
2017-10-20,Washington,21,Ft. Zumwalt South,49
2017-10-20,Waynesville,14,Ozark,43
2017-10-20,Central (Springfield),0,Branson,44
2017-10-20,Parkview,41,Willard,49
2017-10-20,Hickman,14,Belton,35
2017-10-20,Ruskin,20,Raytown,14
2017-10-20,Truman,27,North Kansas City,26
2017-10-20,Oak Park,32,Central (St. Joseph),48
2017-10-20,Seckman,6,Eureka,70
2017-10-20,Fox,13,Lafayette (Wildwood),41
2017-10-20,Mehlville,14,Lindbergh,49
2017-10-20,Northwest (Cedar Hill),14,Kirkwood,49
2017-10-20,McCluer North,8,Christian Brothers College,55
2017-10-20,Hazelwood West,28,Marquette,38
2017-10-20,SLUH,42,Ritenour,55
2017-10-20,Francis Howell Central,6,Rock Bridge,61
2017-10-20,Blue Springs South,48,Francis Howell,20
2017-10-20,Jefferson City,23,Blue Springs,46
2017-10-20,Troy Buchanan,10,Ft. Zumwalt West,49
2017-10-20,Raymore-Peculiar,30,Lee's Summit West,37
2017-10-20,Lee's Summit North,0,Rockhurst,7
2017-10-20,Kickapoo,7,Park Hill,57
2017-10-20,Lee's Summit,40,Joplin,26
2017-10-21,Lift for Life Academy Charter,14,Vashon,26
2017-10-21,Roosevelt,14,Miller Career Academy,43
2017-10-21,John Burroughs,12,Confluence Prep Academy Charter,14
2017-10-21,Jennings,0,McCluer South-Berkeley,44
2017-10-21,Oak Grove,14,Hogan Prep Academy Charter,60
2017-10-21,St. Charles,6,Riverview Gardens,59
2017-10-21,Francis Howell North,0,Hazelwood East,42
2017-10-21,De Smet Jesuit,0,Hazelwood Central,20
2017-10-27,Portageville,12,Valle Catholic,56
2017-10-27,Chaffee,7,Hayti,66
2017-10-27,Ash Grove,6,Pierce City,42
2017-10-27,Thayer,28,Sarcoxie,14
2017-10-27,Liberal with Bronaugh,21,Adrian,34
2017-10-27,Lockwood with Golden City,28,Midway,6
2017-10-27,Tipton,6,Lincoln,53
2017-10-27,Crest Ridge,40,Windsor,28
2017-10-27,Mark Twain,6,Monroe City,52
2017-10-27,Scotland County,14,South Shelby,38
2017-10-27,Santa Fe,14,Marceline,54
2017-10-27,Westran,40,Fayette,8
2017-10-27,West Platte,10,East Buchanan,26
2017-10-27,Plattsburg,46,Wellington-Napoleon,30
2017-10-27,South Harrison,0,Princeton with Mercer,42
2017-10-27,Putnam County,14,Penney,47
2017-10-27,Charleston,28,Caruthersville,66
2017-10-27,East Prairie,23,Malden,56
2017-10-27,Carnahan,0,Lutheran North,55
2017-10-27,Cardinal Ritter,7,Trinity Catholic,28
2017-10-27,Liberty (Mountain View),22,Ava,39
2017-10-27,Strafford,21,Mountain Grove,33
2017-10-27,Warsaw,6,Lamar,57
2017-10-27,Versailles,26,Fair Grove,57
2017-10-27,Hallsville,8,North Callaway,46
2017-10-27,Father Tolton with Calvary Lutheran,7,South Callaway,21
2017-10-27,Clark County,28,Macon,18
2017-10-27,Centralia,0,Palmyra,24
2017-10-27,Holden,14,Summit Christian Academy,3
2017-10-27,Lawson,0,Lafayette County,33
2017-10-27,Lathrop,34,Lexington,23
2017-10-27,Ste. Genevieve,14,Central (Park Hills),35
2017-10-27,Salem,14,Kennett,13
2017-10-27,Vashon,14,Lutheran South,60
2017-10-27,Confluence Prep Academy Charter,6,Miller Career Academy,22
2017-10-27,Owensville,35,St. James,34
2017-10-27,Springfield Catholic,13,Eldon,38
2017-10-27,Mt. Vernon,37,Seneca,8
2017-10-27,Reeds Spring,42,Cassville,7
2017-10-27,Lutheran St. Charles,0,St. Charles West,55
2017-10-27,Wright City,26,Blair Oaks,72
2017-10-27,Southern Boone,31,Mexico,33
2017-10-27,Pleasant Hill,36,Hogan Prep Academy Charter,18
2017-10-27,Odessa,25,Center,28
2017-10-27,Pembroke Hill,7,Chillicothe,60
2017-10-27,St. Pius X (Kansas City),7,Maryville,42
2017-10-27,Farmington,42,Hillsboro,48
2017-10-27,Central (Cape Girardeau),36,North County,16
2017-10-27,Gateway,0,Ladue Horton Watkins,63
2017-10-27,Parkway North,7,Parkway Central,42
2017-10-27,St. Clair,12,St. Francis Borgia,35
2017-10-27,Rolla,26,Parkway West,21
2017-10-27,Camdenton,14,Webb City,40
2017-10-27,West Plains,7,Carl Junction,28
2017-10-27,Nevada,14,Grain Valley,52
2017-10-27,Grandview,7,Harrisonville,33
2017-10-27,Helias Catholic,56,Warrenton,42
2017-10-27,Hannibal,6,Moberly,41
2017-10-27,Lafayette (St. Joseph),38,Kearney,34
2017-10-27,Smithville,13,Platte County,42
2017-10-27,Rockwood Summit,9,Vianney,42
2017-10-27,Jackson,56,Poplar Bluff,49
2017-10-27,Webster Groves,14,Pattonville,36
2017-10-27,Hazelwood East,36,Chaminade College Prep,27
2017-10-27,Ft. Zumwalt South,6,Ft. Zumwalt North,56
2017-10-27,Holt,7,Timberland,42
2017-10-27,Ozark,55,Glendale,34
2017-10-27,Branson,22,Lebanon,50
2017-10-27,Willard,58,Nixa,21
2017-10-27,Belton,61,Smith-Cotton,50
2017-10-27,Ruskin,0,Battle,21
2017-10-27,Truman,0,Fort Osage,34
2017-10-27,Park Hill South,14,William Chrisman,33
2017-10-27,Central (St. Joseph),0,Staley,60
2017-10-27,Liberty North,20,Liberty,22
2017-10-27,Lafayette (Wildwood),12,Eureka,14
2017-10-27,Kirkwood,14,Lindbergh,16
2017-10-27,Marquette,0,Christian Brothers College,49
2017-10-27,Blue Springs South,16,Rock Bridge,13
2017-10-27,Ft. Zumwalt West,21,Blue Springs,49
2017-10-27,Rockhurst,20,Lee's Summit West,17
2017-10-27,Lee's Summit,10,Park Hill,21
2017-10-28,Knob Noster,21,University Academy Charter,20
2017-10-28,Orchard Farm,15,McCluer South-Berkeley,26
2017-10-28,St. Mary's South Side,37,MICDS,58
2017-10-28,Ft. Zumwalt East,41,Riverview Gardens,42
2017-10-28,Ritenour,12,Hazelwood Central,27
2017-11-03,Hayti,18,Valle Catholic,42
2017-11-03,Thayer,14,Pierce City,0
2017-11-03,Lockwood with Golden City,8,Adrian,0
2017-11-03,Crest Ridge,0,Lincoln,20
2017-11-03,South Shelby,26,Monroe City,56
2017-11-03,Westran,42,Marceline,16
2017-11-03,Plattsburg,14,East Buchanan,36
2017-11-03,Penney,16,Princeton with Mercer,46
2017-11-03,Malden,20,Caruthersville,38
2017-11-03,Trinity Catholic,46,Lutheran North,48
2017-11-03,Mountain Grove,6,Ava,32
2017-11-03,Fair Grove,0,Lamar,61
2017-11-03,South Callaway,20,North Callaway,38
2017-11-03,Palmyra,16,Clark County,26
2017-11-03,Holden,21,Knob Noster,0
2017-11-03,Lathrop,27,Lafayette County,41
2017-11-03,Salem,3,Central (Park Hills),42
2017-11-03,Miller Career Academy,0,Lutheran South,35
2017-11-03,Eldon,70,Owensville,53
2017-11-03,Reeds Spring,28,Mt. Vernon,30
2017-11-03,Mexico,14,Blair Oaks,60
2017-11-03,Center,38,Pleasant Hill,13
2017-11-03,Maryville,20,Chillicothe,12
2017-11-03,Central (Cape Girardeau),28,Hillsboro,36
2017-11-03,MICDS,21,Ladue Horton Watkins,52
2017-11-03,Rolla,28,St. Francis Borgia,14
2017-11-03,Carl Junction,21,Webb City,42
2017-11-03,Harrisonville,24,Grain Valley,21
2017-11-03,Moberly,35,Helias Catholic,21
2017-11-03,Platte County,38,Lafayette (St. Joseph),0
2017-11-03,Jackson,50,Vianney,71
2017-11-03,Hazelwood East,0,Pattonville,48
2017-11-03,Timberland,7,Ft. Zumwalt North,24
2017-11-03,Lebanon,35,Ozark,17
2017-11-03,Willard,13,Carthage,56
2017-11-03,Battle,44,Belton,21
2017-11-03,William Chrisman,10,Fort Osage,24
2017-11-03,Liberty,24,Staley,49
2017-11-03,Lindbergh,0,Eureka,24
2017-11-03,Hazelwood Central,20,Christian Brothers College,48
2017-11-03,Blue Springs,35,Blue Springs South,17
2017-11-03,Park Hill,28,Rockhurst,14
2017-11-04,St. Charles West,6,McCluer South-Berkeley,24
2017-11-04,Parkway Central,50,Riverview Gardens,18
2017-11-10,Princeton with Mercer,30,East Buchanan,48
2017-11-10,Lutheran North,64,Caruthersville,7
2017-11-10,Lafayette County,34,Holden,14
2017-11-10,Lutheran South,31,Central (Park Hills),28
2017-11-10,Ladue Horton Watkins,34,Hillsboro,20
2017-11-10,Rolla,21,Parkway Central,49
2017-11-10,Harrisonville,0,Webb City,24
2017-11-10,Platte County,42,Moberly,14
2017-11-10,Pattonville,34,Vianney,27
2017-11-10,Battle,7,Carthage,28
2017-11-10,Staley,28,Fort Osage,14
2017-11-10,Christian Brothers College,42,Eureka,7
2017-11-11,Thayer,10,Valle Catholic,33
2017-11-11,Lincoln,33,Lockwood with Golden City,40
2017-11-11,Westran,7,Monroe City,44
2017-11-11,Lamar,28,Ava,22
2017-11-11,Clark County,33,North Callaway,7
2017-11-11,Mt. Vernon,24,Eldon,6
2017-11-11,Blair Oaks,32,McCluer South-Berkeley,16
2017-11-11,Maryville,19,Center,13
2017-11-11,Lebanon,7,Ft. Zumwalt North,42
2017-11-11,Park Hill,14,Blue Springs,34
2017-11-17,Parkway Central,14,Ladue Horton Watkins,31
2017-11-18,Lockwood with Golden City,27,Valle Catholic,41
2017-11-18,East Buchanan,14,Monroe City,28
2017-11-18,Lamar,7,Lutheran North,6
2017-11-18,Lafayette County,45,Clark County,22
2017-11-18,Mt. Vernon,16,Lutheran South,0
2017-11-18,Maryville,49,Blair Oaks,20
2017-11-18,Platte County,18,Webb City,21
2017-11-18,Ft. Zumwalt North,7,Pattonville,26
2017-11-18,Staley,54,Carthage,13
2017-11-18,Blue Springs,14,Christian Brothers College,31
2017-11-24,Lafayette County,20,Lamar,37
2017-11-24,Webb City,14,Ladue Horton Watkins,0
2017-11-25,Monroe City,12,Valle Catholic,7
2017-11-25,Maryville,47,Mt. Vernon,9
2017-11-25,Staley,36,Pattonville,35
